"ORDER_NUMBER","ORDER_TEST_CODE","ORDER_TEST_NAME","ORGANSIM_SNOMED","MICRO_ORGANISM_NAME","SPECIMEN_SOURCE_CODE","SPEC_SNOMED","ORGANISM"
"11928A4","750B","Culture, Blood-3rd Set","3491000146109","Candida auris","BLD/ARTERIAL","446131002","Candida auris"
"11927B4","757","Culture, Sputum","3491000146109","Candida auris","RESP/BRONCHIAL ASPIR","119334006","Candida auris"
"11928K4","758","Culture, Body Fluid","3491000146109","Candida auris","BFL/ABDOMINAL FLUID","309051001","Candida auris"
"0524KGS","768","Culture, GC (Gonorrhea)","3491000146109","Candida auris","GENIT/Urethra","119344008","Candida auris"
"11928M4","777","Culture, Fungus (Blood)","3491000146109","Candida auris","BLD/ARTERIAL","446131002","Candida auris"
"9998SR6","769","Culture, Anaerobic","3491000146109","Candida auris","ANAER/Drainage","431905001","Candida auris"
"11928H4","761","Culture, Throat","3491000146109","Candida auris","RESP/ESOPHAGUS","127463000","Candida auris"
"11928B4","759","Culture, Stool","3491000146109","Candida auris","STL/RECTAL SWAB","119339001","Candida auris"
"11928J4","767","Culture, Genital","3491000146109","Candida auris","GENIT/Anus","258508008","Candida auris"
"11927C4","775","Culture, Fungus","3491000146109","Candida auris","FUNG/ABDOMEN","455541000124107","Candida auris"
"11927W4","778","Culture, Ear","3491000146109","Candida auris","EAR/Ear","309166000
","Candida auris"
"11927X4","779","Culture, Eye","3491000146109","Candida auris","EYE/Cornea","445160003","Candida auris"
